"UT","DI","AU","TI","PY","coder","sample_size_orig","sample_size_BA","sample_size_PhD","sample_size_final","matches_orig_BA","matches_orig_PhD","matches_BA_PhD","matches_all","irr_resolver","irr_resolver_comment"
"WOS:000208863700015","10.3389/fpsyg.2011.00003","Kret, ME; Pichon, S; Grezes, J; de Gelder, B","Men fear other men most: gender specific brain activations in perceiving threat from dynamic faces and bodies - an fMRI study",2011,"EJ",25,26,26,25,0,0,1,0,"PI","Seems coder BA and PhD missed a subtle reference to an excluded subject that was not mentioned along with the other exclusions. From the paper: One male participant pressed the same button for all stimuli and was excluded from analysis. "
"WOS:000209276900024","10.1016/j.nicl.2013.08.010","Maurage, P; Bestelmeyer, PEG; Rouger, J; Charest, I; Belin, P","Binge drinking influences the cerebral processing of vocal affective bursts in young adults",2013,"RvB",24,24,24,24,1,1,1,1,"PI",""
"WOS:000209702500005","10.1016/j.jadohealth.2013.12.035","Falk, EB; Cascio, CN; O'Donnell, MB; Carp, J; Tinney, FJ; Bingham, CR; Shope, JT; Ouimet, MC; Pradhan, AK; Simons-Morton, BG","Neural Responses to Exclusion Predict Susceptibility to Social Influence",2014,"GM",36,36,36,36,1,1,1,1,"PI",""
"WOS:000263162600004","10.1093/cercor/bhn104","Hennenlotter, A; Dresel, C; Castrop, F; Baumann, AOC; Wohlschlager, AM; Haslinger, B","The Link between Facial Feedback and Neural Activity within Central Circuitries of Emotion-025EFNew Insights from Botulinum Toxin-Induced Denervation of Frown Muscles",2009,"JvB",35,38,38,38,0,0,1,0,"PI","Behavioral data from 3/38 subjects excluded, but 38 subjects had fMRI data."
"WOS:000263815300007","10.1016/j.neuropsychologia.2008.09.023","Chiao, JY; Harada, T; Oby, ER; Li, Z; Parrish, T; Bridge, DJ","Neural representations of social status hierarchy in human inferior parietal cortex",2009,"GM",12,12,12,12,1,1,1,1,"PI",""
"WOS:000264387100007","10.1192/bjp.bp.108.053199","Fullam, RS; Mckie, S; Dolan, MC","Psychopathic traits and deception: functional magnetic resonance imaging study",2009,"RvB",24,24,24,24,1,1,1,1,"PI",""
"WOS:000264696300019","10.1002/hbm.20591","Meda, SA; Calhoun, VD; Astur, RS; Turner, BM; Ruopp, K; Pearlson, GD","Alcohol Dose Effects on Brain Circuits During Simulated Driving: An fMRI Study",2009,"TN",40,40,40,40,1,1,1,1,"PI",""
"WOS:000264790600015","10.1073/pnas.0901490106","Weber, B; Rangel, A; Wibral, M; Falk, A","The medial prefrontal cortex exhibits money illusion",2009,"JvB",18,22,18,18,0,1,0,0,"PI","Seems like coder BA forgot to exclude the head-motion cases from their sample size. From paper: Two subjects had to be excluded from the analysis because of scanner dysfunction and 4 because of excessive head movement"
"WOS:000265895400004","10.1080/17470910802553565","Volz, KG; Kessler, T; von Cramon, DY","In-group as part of the self: In-group favoritism is mediated by medial prefrontal cortex activation",2009,"JvB",20,20,16,16,1,0,0,0,"PI","n=20 initially, but quote from paper: Since identification with the in-group is a prerequisite for social identity processes to occur and therewith crucial for the interpretation of our data, we excluded the four low identifiers from all fMRI analyses."
"WOS:000268429400001","10.1016/j.neulet.2009.06.023","Osaka, N; Osaka, M","Gaze-related mimic word activates the frontal eye field and related network in the human brain: An fMRI study",2009,"RvB",20,20,20,20,1,1,1,1,"PI",""
"WOS:000268698700029","10.1002/hbm.20699","Sugiura, M; Wakusawa, K; Sekiguchi, A; Sassa, Y; Jeong, H; Horie, K; Sato, S; Kawashima, R","Extraction of Situational Meaning by Integrating Multiple Meanings in a Complex Environment: A Functional MRI Study",2009,"RvB",32,41,32,32,0,1,0,0,"PI","n=41 participated, but from paper:  data from 32
subjects (27 males, 5 females) were analyzed."
"WOS:000269035100083","10.1016/j.neuroimage.2009.05.011","Amting, JM; Miller, JE; Chow, M; Mitchell, DGV","Getting mixed messages: The impact of conflicting social signals on the brain's target emotional response",2009,"EJ",14,15,15,15,0,0,1,0,"PI","1/15 subjects was excluded as an outlier during one correlation analysis, but otherwise all 15 subjects seem to have been used."
"WOS:000269035100093","10.1016/j.neuroimage.2009.06.010","Kokal, I; Gazzola, V; Keysers, C","Acting together in and beyond the mirror neuron system",2009,"EJ",18,18,18,18,1,1,1,1,"PI",""
"WOS:000269360700010","10.1016/j.brainres.2009.05.075","Trautmann, SA; Fehr, T; Herrmann, M","Emotions in motion: Dynamic compared to static facial expressions of disgust and happiness reveal more widespread emotion-specific activations",2009,"EH",16,16,16,16,1,1,1,1,"PI",""
"WOS:000270741300003","10.1162/jocn.2008.21161","Tesink, CMJY; Petersson, KM; van Berkum, JJA; van den Brink, D; Buitelaar, JK; Hagoort, P","Unification of Speaker and Meaning in Language Comprehension: An fMRI Study",2009,"RvB",42,42,42,42,1,1,1,1,"PI",""
"WOS:000271245500010","10.1037/a0016615","DeYoung, CG; Shamosh, NA; Green, AE; Braver, TS; Gray, JR","Intellect as Distinct From Openness: Differences Revealed by fMRI of Working Memory",2009,"TN",104,104,104,104,1,1,1,1,"PI",""
"WOS:000274948400038","10.1016/j.neuroimage.2009.12.098","Rameson, LT; Satpute, AB; Lieberman, MD","The neural correlates of implicit and explicit self-relevant processing",2010,"RvB",17,17,17,17,1,1,1,1,"PI",""
"WOS:000277749000007","10.1080/17470910903315989","Regenbogen, C; Herrmann, M; Fehr, T","The neural processing of voluntary completed, real and virtual violent and nonviolent computer game scenarios displaying predefined actions in gamers and nongamers",2010,"JvB",22,22,22,22,1,1,1,1,"PI",""
"WOS:000278637700040","10.1016/j.neuroimage.2010.04.025","Stanley, J; Gowen, E; Miall, RC","How instructions modify perception: An fMRI study investigating brain areas involved in attributing human agency",2010,"GM",14,14,14,14,1,1,1,1,"PI",""
"WOS:000279689400004","10.1002/hbm.20913","Kreifelts, B; Ethofer, T; Huberle, E; Grodd, W; Wildgruber, D","Association of Trait Emotional Intelligence and Individual fMRI-Activation Patterns During the Perception of Social Signals From Voice and Face",2010,"TN",24,24,24,24,1,1,1,1,"PI",""
"WOS:000280573300027","10.1016/j.neuropsychologia.2010.05.012","Young, L; Dodell-Feder, D; Saxe, R","What gets the attention of the temporo-parietal junction? An fMRI investigation of attention and theory of mind",2010,"GM",17,17,17,17,1,1,1,1,"PI",""
"WOS:000280932400048","10.1152/jn.00326.2010","Oosterhof, NN; Wiggett, AJ; Diedrichsen, J; Tipper, SP; Downing, PE","Surface-Based Information Mapping Reveals Crossmodal Vision-Action Representations in Human Parietal and Occipitotemporal Cortex",2010,"RvB",6,6,6,6,1,1,1,1,"PI",""
"WOS:000281715500005","10.1093/cercor/bhp316","Harel, A; Gilaie-Dotan, S; Malach, R; Bentin, S","Top-Down Engagement Modulates the Neural Expressions of Visual Expertise",2010,"GM",27,28,28,28,0,0,1,0,"PI","1/28 subjects excluded in some but not all fMRI analyses and should thus still be counted towards the overall sample size."
"WOS:000285486000087","10.1016/j.neuroimage.2010.08.077","Carter, EJ; Hodgins, JK; Rakison, DH","Exploring the neural correlates of goal-directed action and intention understanding",2011,"EH",17,17,17,17,1,1,1,1,"PI",""
"WOS:000285486000093","10.1016/j.neuroimage.2010.08.039","Ruz, M; Tudela, P","Emotional conflict in interpersonal interactions",2011,"EH",18,18,18,18,1,1,1,1,"PI",""
"WOS:000287028400008","10.1080/17470919.2010.490665","Tacikowski, P; Brechmann, A; Marchewka, A; Jednorog, K; Dobrowolny, M; Nowicka, A","Is it about the self or the significance? An fMRI study of self-name recognition",2011,"JvB",21,21,21,21,1,1,1,1,"PI",""
"WOS:000287556200029","10.1016/j.neuroimage.2010.12.040","Dodell-Feder, D; Koster-Hale, J; Bedny, M; Saxe, R","fMRI item analysis in a theory of mind task",2011,"EJ",62,62,62,62,1,1,1,1,"PI",""
"WOS:000287556200032","10.1016/j.neuroimage.2010.11.044","Koester, D; Schiller, NO","The functional neuroanatomy of morphology in language production",2011,"RvB",12,12,12,12,1,1,1,1,"PI",""
"WOS:000288275800006","10.1080/17470919.2010.506128","Nicolle, A; Bach, DR; Frith, C; Dolan, RJ","Amygdala involvement in self-blame regret",2011,"JvB",16,15,16,16,0,1,0,0,"PI","Seems coder BA has counted as excluded 1 participant that were excluded from behavioral analyses but not fMRI analyses."
"WOS:000289062000002","10.1162/jocn.2010.21520","Masten, CL; Telzer, EH; Eisenberger, NI","An fMRI Investigation of Attributing Negative Social Treatment to Racial Discrimination",2011,"TN",18,18,18,18,1,1,1,1,"PI",""
"WOS:000289729500003","10.1093/scan/nsq007","Todd, RM; Evans, JW; Morris, D; Lewis, MD; Taylor, MJ","The changing face of emotion: age-related patterns of amygdala activation to salient faces",2011,"JvB",48,57,45,45,0,0,0,0,"PI","n=57 reported first, but then 9 children are reported to be excluded due to misunderstanding the task, and then 3 more children are separately reported being excluded due to motion artifacts."
"WOS:000290649300060","10.1016/j.neuroimage.2011.03.009",NA,NA,NA,"RvB",22,22,22,22,1,1,1,1,"PI",""
"WOS:000291144900007","10.1162/jocn.2010.21574","Gobbini, MI; Gentili, C; Ricciardi, E; Bellucci, C; Salvini, P; Laschi, C; Guazzelli, M; Pietrini, P","Distinct Neural Systems Involved in Agency and Animacy Detection",2011,"TN",12,12,12,12,1,1,1,1,"PI",""
"WOS:000291543100007","10.1093/scan/nsq046","Albrecht, K; Volz, KG; Sutter, M; Laibson, DI; von Cramon, DY","What is for me is not for you: brain correlates of intertemporal choice for self and other",2011,"GM",28,28,28,28,1,1,1,1,"PI",""
"WOS:000291543600002","10.1093/scan/nsq033","Raposo, A; Vicens, L; Clithero, JA; Dobbins, IG; Huettel, SA","Contributions of frontopolar cortex to judgments about self, others and relations",2011,"EJ",21,25,25,25,0,0,1,0,"PI","n=25 for fMRI analyses. It seems original coder mistakenly coded the sample size after excluding participants with missing psychometric data."
"WOS:000292489600006","10.1016/j.ijpsycho.2011.04.003","Karremans, JC; Heslenfeld, DJ; van Dillen, LF; Van Lange, PAM","Secure attachment partners attenuate neural responses to social exclusion: An fMRI investigation",2011,"RvB",15,15,15,15,1,1,1,1,"PI",""
"WOS:000293636000001","10.1093/scan/nsq067","Schilbach, L; Eickhoff, SB; Cieslik, E; Shah, NJ; Fink, GR; Vogeley, K","Eyes on me: an fMRI study of the effects of social gaze on action control",2011,"TN",23,23,23,23,1,1,1,1,"PI",""
"WOS:000293950300027","10.1523/JNEUROSCI.0845-11.2011","Wang, Y; Ramsey, R; Hamilton, AFD","The Control of Mimicry by Eye Contact Is Mediated by Medial Prefrontal Cortex",2011,"JvB",20,17,20,20,0,1,0,0,"PI","3 subjects seems to have been excluded from a subsection of analyses, but should according to the coding scheme still count since they do contribute fMRI data to other analyses."
"WOS:000294513100003","10.1016/j.bandl.2011.05.007","Mayberry, RI; Chen, JK; Witcher, P; Klein, D","Age of acquisition effects on the functional organization of language in the adult brain",2011,"EJ",22,22,22,22,1,1,1,1,"PI",""
"WOS:000294680800009","10.1371/journal.pone.0023340","Donnelly, N; Zurcher, NR; Cornes, K; Snyder, J; Naik, P; Hadwin, J; Hadjikhani, N","Discriminating Grotesque from Typical Faces: Evidence from the Thatcher Illusion",2011,"RvB",18,18,18,18,1,1,1,1,"PI",""
"WOS:000294940500018","10.1016/j.neuropsychologia.2011.06.026","Herbert, C; Herbert, BM; Pauli, P","Emotional self-reference: Brain structures involved in the processing of words describing one's own emotions",2011,"EH",22,22,22,22,1,1,1,1,"PI",""
"WOS:000296729400001","10.3389/fnbeh.2011.00070","Libedinsky, C; Smith, DV; Teng, CS; Namburi, P; Chen, VW; Huettel, SA; Chee, MWL","Sleep deprivation alters valuation signals in the ventromedial prefrontal cortex",2011,"RvB",18,18,18,18,1,1,1,1,"PI",""
"WOS:000297455900004","10.1016/j.neuropsychologia.2011.09.006","Shibata, M; Abe, JI; Itoh, H; Shimada, K; Umeda, S","Neural processing associated with comprehension of an indirect reply during a scenario reading task",2011,"GM",15,15,15,15,1,1,1,1,"PI",""
"WOS:000299551500001","10.3389/fnhum.2011.00139","Di Dio, C; Canessa, N; Cappa, SF; Rizzolatti, G","Specificity of esthetic experience for artworks: an fMRI study",2011,"EH",32,24,24,24,0,0,1,0,"PI","Seems like the original coder mistakenly coded the sample size of study 1. "
"WOS:000301295300032","10.1523/JNEUROSCI.5715-11.2012","Spunt, RP; Lieberman, MD","Dissociating Modality-Specific and Supramodal Neural Systems for Action Understanding",2012,"TN",21,21,21,21,1,1,1,1,"PI",""
"WOS:000302000300015","10.3366/drs.2011.0024","Jang, SH; Pollick, FE","Experience Influences Brain Mechanisms of Watching Dance",2011,"EH",36,36,36,36,1,1,1,1,"PI",""
"WOS:000302004600022","10.1093/cercor/bhr177","Guionnet, S; Nadel, J; Bertasi, E; Sperduti, M; Delaveau, P; Fossati, P","Reciprocal Imitation: Toward a Neural Basis of Social Interaction",2012,"RvB",23,23,23,23,1,1,1,1,"PI",""
"WOS:000302202800018","10.1016/j.neuroimage.2012.01.080","Muscatell, KA; Morelli, SA; Falk, EB; Way, BM; Pfeifer, JH; Galinsky, AD; Lieberman, MD; Dapretto, M; Eisenberger, NI","Social status modulates neural activity in the mentalizing network",2012,"EH",22,16,22,22,0,1,0,0,"PI","Coder BA seems to have coded the sample size of study 1 instead of study 2. "
"WOS:000302808200013","10.1093/scan/nsr021","Klasen, M; Weber, R; Kircher, TTJ; Mathiak, KA; Mathiak, K","Neural contributions to flow experience during video game playing",2012,"EJ",13,13,13,13,1,1,1,1,"PI",""
"WOS:000302974100005","10.1016/j.cortex.2011.01.004","Uchiyama, HT; Saito, DN; Tanabe, HC; Harada, T; Seki, A; Ohno, K; Koeda, T; Sadato, N","Distinction between the literal and intended meanings of sentences: A functional magnetic resonance imaging study of metaphor and sarcasm",2012,"GM",20,20,20,20,1,1,1,1,"PI",""
"WOS:000303094100014","10.1016/j.ijpsycho.2011.12.002","Cheung, H; Chen, L; Szeto, CY; Feng, GY; Lu, GM; Zhang, ZQ; Zhu, ZD; Wang, SP","False belief and verb non-factivity: A common neural basis?",2012,"RvB",20,23,20,20,0,1,0,0,"PI","n=23 participated but 3 participants were excluded due to motion and response inaccuracies."
"WOS:000303272300016","10.1016/j.neuroimage.2012.01.036","Yang, JF; Wang, XJ; Shu, H; Zevin, JD","Task by stimulus interactions in brain responses during Chinese character processing",2012,"RvB",17,16,16,16,0,0,1,0,"PI","Original coder sample size seems to be a typo."
"WOS:000303971400017","10.1016/j.neuron.2012.02.038","Chib, VS; De Martino, B; Shimojo, S; O'Doherty, JP","Neural Mechanisms Underlying Paradoxical Performance for Monetary Incentives Are Driven by Loss Aversion",2012,"GM",18,18,18,18,1,1,1,1,"PI",""
"WOS:000304445800031","10.1073/pnas.1202129109","Tamir, DI; Mitchell, JP","Disclosing information about the self is intrinsically rewarding",2012,"TN",17,41,41,41,0,0,1,0,"PI","It seems like the original coder might have gotten sample size for study 4 mixed up with sample size for either study 3 or a subset of study 1a reported on in the supplementary materials."
"WOS:000304539700005","10.1093/cercor/bhr204","Bestelmeyer, PEG; Latinus, M; Bruckert, L; Rouger, J; Crabbe, F; Belin, P","Implicitly Perceived Vocal Attractiveness Modulates Prefrontal Cortex Activity",2012,"TN",20,20,20,20,1,1,1,1,"PI",""
"WOS:000305859300047","10.1016/j.neuroimage.2012.05.012","Zaki, J; Davis, JI; Ochsner, KN","Overlapping activity in anterior insula during interoception and emotional experience",2012,"EJ",16,16,16,16,1,1,1,1,"PI",""
"WOS:000305859300050","10.1016/j.neuroimage.2012.05.002","Rabin, JS; Rosenbaum, RS","Familiarity modulates the functional relationship between theory of mind and autobiographical memory",2012,"EJ",18,18,18,18,1,1,1,1,"PI",""
"WOS:000305920600019","10.1016/j.neuroimage.2012.03.070","Cribben, I; Haraldsdottir, R; Atlas, LY; Wager, TD; Lindquist, MA","Dynamic connectivity regression: Determining state-related changes in brain connectivity",2012,"TN",23,23,49,26,1,0,0,0,"PI","Very confusing reporting of sample size. The paper superficially refers to two datasets of n=23 and n=26. However, from rereading the abstract and the experimental data sections, it actually seems that the two datasets are one dataset, the only difference being that in once case 3 subjects are missing heart rate data. Therefore, the final sample size should be 26 since that is how many subjects there are included in fMRI analyses. "
"WOS:000306950200196","10.1371/journal.pone.0042347","Canessa, N; Alemanno, F; Riva, F; Zani, A; Proverbio, AM; Mannara, N; Perani, D; Cappa, SF","The Neural Bases of Social Intention Understanding: The Role of Interaction Goals",2012,"RvB",27,27,27,27,1,1,1,1,"PI",""
"WOS:000307369000079","10.1016/j.neuroimage.2012.05.066","Podell, JE; Sambataro, F; Murty, VP; Emery, MR; Tong, YX; Das, S; Goldberg, TE; Weinberger, DR; Mattay, VS","Neurophysiological correlates of age-related changes in working memory updating",2012,"GM",47,47,47,47,1,1,1,1,"PI",""
"WOS:000307678800007","10.1016/j.psyneuen.2012.01.011","Lischke, A; Gamer, M; Berger, C; Grossmann, A; Hauenstein, K; Heinrichs, M; Herpertz, SC; Domes, G","Oxytocin increases amygdala reactivity to threatening scenes in females",2012,"RvB",14,14,14,14,1,1,1,1,"PI",""
"WOS:000307873400001","10.3389/fnhum.2012.00218","Poore, JC; Pfeifer, JH; Berkman, ET; Inagaki, TK; Welborn, BL; Lieberman, MD","Prediction-errror in the context of real social relationships modulates reward system activity",2012,"RvB",17,16,17,17,0,1,0,0,"PI","not sure where coder BA got n=16 from, but all 17 participants seem to be included in the fMRI analyses."
"WOS:000308692400001","10.1186/1471-2202-13-52","Herwig, U; Kaffenberger, T; Schell, C; Jancke, L; Bruhl, AB","Neural activity associated with self-reflection",2012,"RvB",22,22,22,22,1,1,1,1,"PI",""
"WOS:000309392800025","10.1371/journal.pone.0045089","Wilbers, L; Deuker, L; Fell, J; Axmacher, N","Are Autobiographical Memories Inherently Social? Evidence from an fMRI Study",2012,"RvB",30,30,30,30,1,1,1,1,"PI",""
"WOS:000311107800006","10.1097/WNR.0b013e32835ad307","Kipman, M; Weber, M; Schwab, ZJ; DelDonno, SR; Killgore, WDS","A funny thing happened on the way to the scanner: humor detection correlates with gray matter volume",2012,"EJ",59,59,59,59,1,1,1,1,"PI",""
"WOS:000312881300026","10.1093/schbul/sbr128","Sambataro, F; Fazio, L; Taurisano, P; Gelao, B; Porcelli, A; Mancini, M; Sinibaldi, L; Ursini, G; Masellis, R; Caforio, G; Di Giorgio, A; Niccoli-Asabella, A; Popolizio, T; Blasi, G; Bertolino, A","DRD2 Genotype-Based Variation of Default Mode Network Activity and of Its Relationship With Striatal DAT Binding",2013,"TN",28,28,28,28,1,1,1,1,"PI",""
"WOS:000313641800007","10.1080/17470919.2012.735621","Lelieveld, GJ; Van Dijk, E; Guroglu, B; Van Beest, I; Van Kleef, GA; Rombouts, SARB; Crone, EA","Behavioral and neural reactions to emotions of others in the distribution of resources",2013,"JvB",26,26,26,26,1,1,1,1,"PI",""
"WOS:000315580100004","10.1162/jocn_a_00363","Neta, M; Kelley, WM; Whalen, PJ","Neural Responses to Ambiguity Involve Domain-general and Domain-specific Emotion Processing Systems",2013,"GM",31,30,30,30,0,0,1,0,"PI","n=31 for behavioral analyses, but from paper: One additional participant was removed from the fMRI data analysis because of scanner-related artifact, so the final sample for those analyses contained 30 participants (18 women)."
"WOS:000315769300005","10.1080/17470919.2013.763654","Brunnlieb, C; Munte, TF; Kramer, U; Tempelmann, C; Heldmann, M","Vasopressin modulates neural responses during human reactive aggression",2013,"GM",31,31,31,31,1,1,1,1,"PI",""
"WOS:000316420200009","10.1093/scan/nsr098","Wessa, M; Heissler, J; Schonfelder, S; Kanske, P","Goal-directed behavior under emotional distraction is preserved by enhanced task-specific activation",2013,"EJ",30,30,30,30,1,1,1,1,"PI",""
"WOS:000316702300001","10.1186/1471-2202-14-29","Sekiguchi, A; Sugiura, M; Yokoyama, S; Sassa, Y; Horie, K; Sato, S; Kawashima, R","Neural correlates of adaptive social responses to real-life frustrating situations: a functional MRI study",2013,"RvB",40,32,32,32,0,0,1,0,"PI","n=40 participated, but from paper: Data from eight
subjects (one woman, seven men) with excessive head motion (more than 2 mm) were excluded. Thus, data from 32
subjects were analyzed."
"WOS:000317166800017","10.1016/j.neuroimage.2013.01.020","Tusche, A; Kahnt, T; Wisniewski, D; Haynes, JD","Automatic processing of political preferences in the human brain",2013,"TN",18,18,18,18,1,1,1,1,"PI",""
"WOS:000319330200122","10.1371/journal.pone.0064195","Diersch, N; Mueller, K; Cross, ES; Stadler, W; Rieger, M; Schutz-Bosbach, S","Action Prediction in Younger versus Older Adults: Neural Correlates of Motor Familiarity",2013,"TN",34,34,34,34,1,1,1,1,"PI",""
"WOS:000320682800020","10.1016/j.cub.2013.04.055","Latinus, M; McAleer, P; Bestelmeyer, PEG; Belin, P","Norm-Based Coding of Voice Identity in Human Auditory Cortex",2013,"RvB",32,64,20,20,0,0,0,0,"PI","Study appears to include 32+32 participants, but this is only for recording voices used for stimuli. The supplementary materials report n=20 participants for the fMRI part of experiment 1."
"WOS:000321169200022","10.1016/j.cortex.2012.07.010","Mitchell, RLC","Further characterisation of the functional neuroanatomy associated with prosodic emotion decoding",2013,"EJ",33,33,33,33,1,1,1,1,"PI",""
"WOS:000321622600022","10.1523/JNEUROSCI.4601-12.2013","Tamber-Rosenau, BJ; Dux, PE; Tombu, MN; Asplund, CL; Marois, R","Amodal Processing in Human Prefrontal Cortex",2013,"RvB",6,6,6,6,1,1,1,1,"PI",""
"WOS:000323029500001","10.3389/fnhum.2013.00447","Porges, EC; Decety, J","Violence as a source of pleasure or displeasure is associated with specific functional connectivity with the nucleus accumbens",2013,"RvB",49,49,49,49,1,1,1,1,"PI",""
"WOS:000323454700003","10.1093/scan/nss040","Mende-Siedlecki, P; Cai, Y; Todorov, A","The neural dynamics of updating person impressions",2013,"JvB",24,24,24,24,1,1,1,1,"PI",""
"WOS:000323454700009","10.1093/scan/nss046","Beckes, L; Coan, JA; Hasselmo, K","Familiarity promotes the blurring of self and other in the neural representation of threat",2013,"EJ",22,22,22,22,1,1,1,1,"PI",""
"WOS:000324351800018","10.1016/j.cortex.2012.08.025","Grezes, J; Adenis, MS; Pouga, L; Armony, JL","Self-relevance modulates brain responses to angry body expressions",2013,"EH",34,37,37,37,0,0,1,0,"PI","Seems like original coder coded the sample size for behavioral data analysis, which contains three fewer subjects than the fMRI analysis. "
"WOS:000324568400003","10.1016/j.neuroimage.2013.05.061","Peake, SJ; Dishion, TJ; Stormshak, EA; Moore, WE; Pfeifer, JH","Risk-taking and social exclusion in adolescence: Neural mechanisms underlying peer influences on decision-making",2013,"EH",20,20,20,20,1,1,1,1,"PI",""
"WOS:000325778300011","10.1093/scan/nss075","Saxbe, DE; Yang, XF; Borofsky, LA; Immordino-Yang, MH","The embodiment of emotion: language use during the feeling of social emotions predicts cortical somatosensory activity",2013,"JvB",28,28,28,28,1,1,1,1,"PI",""
"WOS:000326785000001","10.3389/fnhum.2013.00734","Smallwood, J; Gorgolewski, KJ; Golchert, J; Ruby, FJM; Engen, H; Baird, B; Vinski, MT; Schooler, JW; Margulies, DS","The default modes of reading: modulation of posterior cingulate and medial prefrontal cortex connectivity associated with comprehension and task focus while reading",2013,"JvB",42,42,61,42,1,0,0,0,"PI","Coder PhD coded the reading comprehension sample, but paper clearly states that MRI data was acquired from 42 participants. "
"WOS:000326953700045","10.1016/j.neuroimage.2013.06.060","Cross, KA; Torrisi, S; Losin, EAR; Iacoboni, M","Controlling automatic imitative tendencies: Interactions between mirror neuron and cognitive control systems",2013,"EJ",17,20,20,20,0,0,1,0,"PI","n=20 for fMRI analyses. 3 more subjects excluded from DCM analyses, but these subjects still contribute fMRI data to other analyses."
"WOS:000327052200004","10.1159/000353268","Toki, S; Okamoto, Y; Onoda, K; Kinoshita, A; Shishida, K; Machino, A; Fukumoto, T; Yamashita, H; Yoshida, H; Yamawaki, S","Automatic and Intentional Brain Responses during Evaluation of Face Approachability: Correlations with Trait Anxiety",2013,"TN",30,30,30,30,1,1,1,1,"PI",""
"WOS:000327782500001","10.3389/fnbeh.2013.00171","Verbeke, W; Bagozzi, RP; van den Berg, WE; Lemmens, A","Polymorphisms of the OXTR gene explain why sales professionals love to help customers",2013,"RvB",21,21,21,21,1,1,1,1,"PI",""
"WOS:000327807700004","10.1016/j.brainres.2013.09.030","Li, YX; Hu, YZ; Zhao, M; Wang, YQ; Huang, J; Chen, FY","The neural pathway underlying a numerical working memory task in abacus-trained children and associated functional connectivity in the resting brain",2013,"RvB",34,34,17,34,1,0,0,0,"PI","Seems like PhD coder mistakenly forgot to add together the sample size from two groups."
"WOS:000327915200023","10.1016/j.brainres.2013.08.055","Kim, C; Chung, C; Kim, J","Task-dependent response conflict monitoring and cognitive control in anterior cingulate and dorsolateral prefrontal cortices",2013,"JvB",16,16,16,16,1,1,1,1,"PI",""
"WOS:000328943100008","10.1111/psyp.12058","Quaedflieg, CWEM; Meyer, T; Smeets, T","The imaging Maastricht Acute Stress Test (iMAST): A neuroimaging compatible psychophysiological stressor",2013,"JvB",39,39,42,42,1,0,0,0,"PI","n=42 total. n=39 for cortisol analyses, but no subject seems to have been excluded due to missing fMRI data"
"WOS:000329196400001","10.3389/fnhum.2013.00851","Wright, MJ; Bishop, DT; Jackson, RC; Abernethy, B","Brain regions concerned with the identification of deceptive soccer moves by higher-skilled and lower-skilled players",2013,"RvB",51,51,51,51,1,1,1,1,"PI",""
"WOS:000330485500033","10.1016/j.neuroscience.2013.10.019","Zhao, Q; Zhou, Z; Xu, H; Fan, W; Han, L","NEURAL PATHWAY IN THE RIGHT HEMISPHERE UNDERLIES VERBAL INSIGHT PROBLEM SOLVING",2014,"RvB",17,17,17,17,1,1,1,1,"PI",""
"WOS:000330519700002","10.1162/jocn_a_00403","Contreras, JM; Schirmer, J; Banaji, MR; Mitchell, JP","Common Brain Regions with Distinct Patterns of Neural Responses during Mentalizing about Groups and Individuals",2013,"RvB",25,23,25,25,0,1,0,0,"PI","Though exclusions are mentioned, these seem to have been done before the final sample of 25 was reported. This fits with the df estimates in the results section."
"WOS:000330554000008","10.1016/j.neuroimage.2013.10.064","Shuster, LI; Moore, DR; Chen, G; Ruscello, DM; Wonderlin, WF","Does experience in talking facilitate speech repetition?",2014,"TN",21,23,21,21,0,1,0,0,"PI","Study reports n=23 but in the same section states that two participants were excluded due to hearing difficulties."
"WOS:000330829200062","10.1371/journal.pone.0087654","Strang, S; Utikal, V; Fischbacher, U; Weber, B; Falk, A","Neural Correlates of Receiving an Apology and Active Forgiveness: An fMRI Study",2014,"RvB",32,29,30,29,0,0,0,0,"PI","Original coder seems to have forgotten the excluded participants. Not sure how PhD coder arrived at n=30. "
"WOS:000330937900001","10.3389/fpsyg.2013.00211","Subramaniam, K; Beeman, M; Faust, M; Mashal, N","Positively valenced stimuli facilitate creative novel metaphoric processes by enhancing medial prefrontal cortical activation",2013,"GM",13,13,13,13,1,1,1,1,"PI",""
"WOS:000331286900001","10.3389/fpsyg.2014.00087","Cassidy, BS; Hedden, T; Yoon, C; Gutchess, AH","Age differences in medial prefrontal activity for subsequent memory of truth value",2014,"RvB",24,24,24,24,1,1,1,1,"PI",""
"WOS:000332385900103","10.1371/journal.pone.0089954","Votinov, M; Pripfl, J; Windischberger, C; Kalcher, K; Zimprich, A; Zimprich, F; Moser, E; Lamm, C; Sailer, U","A Genetic Polymorphism of the Endogenous Opioid Dynorphin Modulates Monetary Reward Anticipation in the Corticostriatal Loop",2014,"TN",71,71,71,71,1,1,1,1,"PI",""
"WOS:000332889100001","10.1155/2014/579652","Zhong, Y; Zheng, G; Liu, YJ; Lu, GM","Independent Component Analysis of Instantaneous Power-Based fMRI",2014,"TN",18,18,18,18,1,1,1,1,"PI",""
"WOS:000333027900035","10.1073/pnas.1318570111","Watanabe, T; Takezawa, M; Nakawake, Y; Kunimatsu, A; Yamasue, H; Nakamura, M; Miyashita, Y; Masuda, N","Two distinct neural mechanisms underlying indirect reciprocity",2014,"GM",48,48,48,48,1,1,1,1,"PI",""
"WOS:000333627800016","10.1162/jocn_a_00553","Mason, M; Magee, JC; Fiske, ST","Neural Substrates of Social Status Inference: Roles of Medial Prefrontal Cortex and Superior Temporal Sulcus",2014,"GM",19,19,19,19,1,1,1,1,"PI",""
"WOS:000336191200006","10.1016/j.bandc.2014.03.001","Shi, YQ; Meindl, T; Szameitat, AJ; Muller, HJ; Schubert, T","Task preparation and neural activation in stimulus-specific brain regions: An fMRI study with the cued task-switching paradigm",2014,"EH",12,12,12,12,1,1,1,1,"PI",""
"WOS:000336435500010","10.1177/1948550612446661","Lelieveld, GJ; Moor, BG; Crone, EA; Karremans, JC; van Beest, I","A Penny for Your Pain? The Financial Compensation of Social Pain After Exclusion",2013,"RvB",30,30,30,30,1,1,1,1,"PI",""
"WOS:000336489000004","10.1093/scan/nst030","Moriguchi, Y; Touroutoglou, A; Dickerson, BC; Barrett, LF","Sex differences in the neural correlates of affective experience",2014,"EH",34,34,34,34,1,1,1,1,"PI",""
"WOS:000336489000019","10.1093/scan/nst035","Szpunar, KK; St Jacques, PL; Robbins, CA; Wig, GS; Schacter, DL","Repetition-related reductions in neural activity reveal component processes of mental simulation",2014,"JvB",23,46,46,23,0,0,1,0,"PI","46 participants over two conceptually different experiments. Study/experiment 1 has 23 participants."
"WOS:000337600700003","10.1080/17470919.2014.907201","Aharoni, E; Mallett, J; Vincent, GM; Harenski, CL; Calhoun, VD; Sinnott-Armstrong, W; Gazzaniga, MS; Kiehl, KA","Predictive accuracy in the neuroprediction of rearrest",2014,"GM",96,96,96,96,1,1,1,1,"PI",""
"WOS:000337777700008","10.1016/j.bandc.2014.04.012","Shin, YS; Kim, HY; Han, S","Neural correlates of social perception on response bias",2014,"RvB",16,15,15,15,0,0,1,0,"PI","n=16 participants tested, but 1 participant excluded due to signal artifacts."
"WOS:000338127200005","10.1093/ntr/ntu010","Xu, XM; Clark, US; David, SP; Mulligan, RC; Knopik, VS; McGeary, J; MacKillop, J; McCaffery, J; Niaura, RS; Sweet, LH","The Effects of Nicotine Deprivation and Replacement on BOLD-fMRI Response to Smoking Cues as a Function of DRD4 VNTR Genotype",2014,"RvB",19,19,19,19,1,1,1,1,"PI",""
"WOS:000339567000050","10.1002/hbm.22523","Huijbers, W; Pennartz, CMA; Beldzik, E; Domagalik, A; Vinck, M; Hofman, WF; Cabeza, R; Daselaar, SM","Respiration Phase-Locks to Fast Stimulus Presentations: Implications for the Interpretation of Posterior Midline \Deactivations\""""",2014,"GM",24,25,24,24,0,1,0,0,"PI","Participant section clearly states that 2/26 subjects were excluded from further analyses all together."
"WOS:000339860000001","10.1016/j.neuroimage.2014.05.071","Simon, D; Becker, MPI; Mothes-Lasch, M; Miltner, WHR; Straube, T","Effects of social context on feedback-related activity in the human ventral striatum",2014,"RvB",17,17,17,17,1,1,1,1,"PI",""
"WOS:000340068500002","10.1093/cercor/bht042","Hassabis, D; Spreng, RN; Rusu, AA; Robbins, CA; Mar, RA; Schacter, DL","Imagine All the People: How the Brain Creates and Uses Personality Models to Predict Behavior",2014,"TN",19,19,19,19,1,1,1,1,"PI",""
"WOS:000341017300012","10.1523/JNEUROSCI.5063-13.2014","Freeman, JB; Stolier, RM; Ingbretsen, ZA; Hehman, EA","Amygdala Responsivity to High-Level Social Information from Unseen Faces",2014,"TN",15,15,15,15,1,1,1,1,"PI",""
"WOS:000341125400022","10.1038/nn.3781","Treadway, MT; Buckholtz, JW; Martin, JW; Jan, K; Asplund, CL; Ginther, MR; Jones, OD; Marois, R","Corticolimbic gating of emotion-driven punishment",2014,"RvB",30,41,30,30,0,1,0,0,"PI","Not sure where BA got 41 from. N=30 after exclusions explicitly stated in methods section."
"WOS:000341231500103","10.1371/journal.pone.0106468","Ma, HF; Hu, JH; Xi, J; Shen, W; Ge, JQ; Geng, F; Wu, YT; Guo, JJ; Yao, DZ","Bilingual Cognitive Control in Language Switching: An fMRI Study of English-Chinese Late Bilinguals",2014,"RvB",22,22,22,22,1,1,1,1,"PI",""
"WOS:000341936600001","10.2147/NDT.S67805","Peng, DC; Dai, XJ; Gong, HH; Li, HJ; Nie, X; Zhang, W","Altered intrinsic regional brain activity in male patients with severe obstructive sleep apnea: a resting-state functional magnetic resonance imaging study",2014,"RvB",50,25,25,50,0,0,1,0,"PI","Not sure how coder BA and PhD arrived at n=25. The paper clearly states that two groups of 25 subjects were recruited, leaving a total n of 50."
"WOS:000342985600015","10.1093/scan/nst125","Ma, YN; Wang, CB; Li, BF; Zhang, WX; Rao, Y; Han, SH","Does self-construal predict activity in the social brain network? A genetic moderation effect",2014,"TN",34,34,34,34,1,1,1,1,"PI",""
"WOS:000342986700024","10.1093/scan/nst154","Stern, ER; Gonzalez, R; Welsh, RC; Taylor, SF","Medial frontal cortex and anterior insula are less sensitive to outcome predictability when monetary stakes are higher",2014,"EJ",16,17,17,17,0,0,1,0,"PI","Some but not all fMRI data from 2/17 subjects were lost. I.e. they should still be counted towards the sample size as per the coding instructions."
"WOS:000343407500021","10.1093/cercor/bht102","Cooper, JC; Dunne, S; Furey, T; O'Doherty, JP","The Role of the Posterior Temporal and Medial Prefrontal Cortices in Mediating Learning from Romantic Interest and Rejection",2014,"GM",38,38,38,38,1,1,1,1,"PI",""
"WOS:000344398900025","10.1002/hbm.22605","Scheele, D; Striepens, N; Kendrick, KM; Schwering, C; Noelle, J; Wille, A; Schlapfer, TE; Maier, W; Hurlemann, R","Opposing Effects of Oxytocin on Moral judgment in Males and Females",2014,"EJ",144,134,134,134,0,0,1,0,"PI","Seems like original coder made a simple typo or calculation error."
"WOS:000345616600001","10.1162/jocn_a_00700","Welborn, BL; Lieberman, MD","Person-specific Theory of Mind in Medial pFC",2015,"RvB",16,16,16,16,1,1,1,1,"PI",""
"WOS:000345624800001","10.1038/ncomms6380","Woo, CW; Koban, L; Kross, E; Lindquist, MA; Banich, MT; Ruzic, L; Andrews-Hanna, JR; Wager, TD","Separate neural representations for physical pain and social rejection",2014,"RvB",91,91,91,91,1,1,1,1,"PI",""
"WOS:000347766700009","10.1016/j.jneuroling.2014.09.002","Feng, SW; Legault, J; Yang, L; Zhu, JW; Shao, KQ; Yang, YM","Differences in grammatical processing strategies for active and passive sentences: An fMRI study",2015,"EJ",18,18,18,18,1,1,1,1,"PI",""
"WOS:000348378800011","10.1002/hbm.22646","Bray, S; Arnold, AEGF; Levy, RM; Iaria, G","Spatial and Temporal Functional Connectivity Changes Between Resting and Attentive States",2015,"EH",16,16,16,16,1,1,1,1,"PI",""
"WOS:000348792000001","10.1080/03637751.2014.990472","O'Donnell, MB; Falk, EB; Lieberman, MD","Social in, Social out: How the Brain Responds to Social Language with More Social Language",2015,"RvB",19,19,19,19,1,1,1,1,"PI",""
"WOS:000348928300001","10.1080/17470919.2014.978026","Plitt, M; Savjani, RR; Eagleman, DM","Are corporations people too? The neural correlates of moral judgments about companies and individuals",2015,"TN",30,30,30,30,1,1,1,1,"PI",""
"WOS:000349702400001","10.1186/s12993-014-0046-4","Jiang, WX; Liu, HS; Zeng, LL; Liao, J; Shen, H; Luo, AJ; Hu, DW; Wang, W","Decoding the processing of lying using functional connectivity MRI",2015,"TN",32,32,32,32,1,1,1,1,"PI",""
"WOS:000350105900002","10.1093/scan/nst187","Wu, Y; Yu, HB; Shen, B; Yu, RJ; Zhou, ZH; Zhang, GP; Jiang, YS; Zhou, XL","Neural basis of increased costly norm enforcement under adversity",2014,"EJ",18,18,18,18,1,1,1,1,"PI",""
"WOS:000350105900019","10.1093/scan/nsu005","Smith, DV; Clithero, JA; Boltuck, SE; Huettel, SA","Functional connectivity with ventromedial prefrontal cortex reflects subjective value for social rewards",2014,"EJ",16,16,16,16,1,1,1,1,"PI",""
"WOS:000350740900035","10.1523/JNEUROSCI.4182-14.2015","Kahnt, T; Weber, SC; Haker, H; Robbins, TW; Tobler, PN","Dopamine D2-Receptor Blockade Enhances Decoding of Prefrontal Signals in Humans",2015,"TN",51,51,51,51,1,1,1,1,"PI",""
"WOS:000351248400003","10.1016/j.cortex.2014.09.019","Tu, L; Wang, JJ; Abutalebi, J; Jiang, B; Pan, XM; Li, M; Gao, W; Yang, YC; Liang, BS; Lu, Z; Huang, RW","Language exposure induced neuroplasticity in the bilingual brain: A follow-up fMRI study",2015,"JvB",10,27,10,10,0,1,0,0,"PI","only 10 subjects were included in the analyses in the end according to the paper. Again, here is a case where PI was involved both in deciding the originally coded sample size, and double coding it. "
"WOS:000351526400011","10.1093/scan/nsu064","Telzer, EH; Fuligni, AJ; Lieberman, MD; Miernicki, ME; Galvan, A","The quality of adolescents' peer relationships modulates neural sensitivity to risk taking",2015,"JvB",46,46,46,46,1,1,1,1,"PI",""
"WOS:000351526400012","10.1093/scan/nsu067","Aube, W; Angulo-Perkins, A; Peretz, I; Concha, L; Armony, JL","Fear across the senses: brain responses to music, vocalizations and facial expressions",2015,"JvB",47,47,47,47,1,1,1,1,"PI",""
"WOS:000354111600004","10.1162/jocn_a_00785","Spunt, RP; Meyer, ML; Lieberman, MD","The Default Mode of Human Brain Function Primes the Intentional Stance",2015,"JvB",21,21,21,21,1,1,1,1,"PI",""
"WOS:000355002900003","10.1016/j.neuroimage.2015.03.075","Mei, LL; Xue, G; Lu, ZL; He, QH; Wei, M; Zhang, MX; Dong, Q; Chen, CS","Native language experience shapes neural basis of addressed and assembled phonologies",2015,"EJ",85,85,85,85,1,1,1,1,"PI",""
"WOS:000356272800006","10.1093/scan/nsu123","Wang, TT; Mo, L; Mo, C; Tan, LH; Cant, JS; Zhong, LJ; Cupchik, G","Is moral beauty different from facial beauty? Evidence from an fMRI study",2015,"TN",28,28,28,28,1,1,1,1,"PI",""
"WOS:000358252000018","10.1523/JNEUROSCI.0551-15.2015","Igelstrom, KM; Webb, TW; Graziano, MSA","Neural Processes in the Human Temporoparietal Cortex Separated by Localized Independent Component Analysis",2015,"GM",1019,19,73,73,0,0,0,0,"PI","Slightly confusing sample size reporting since one study used four datasets. Sample size should be sum of n from study A, B and C in table 1 (73). Original coder likely wrong by assuming that all connectome data were used. Coder BA likely wrong in assuming only on-site data should count towards the sample size. Also case where PI might have been both original and PhD coder."
"WOS:000358574300001","10.2147/DDDT.S81004","Pickering, G; Kastler, A; Macian, N; Pereira, B; Valabregue, R; Lehericy, S; Boyer, L; Dubray, C; Jean, B","The brain signature of paracetamol in healthy volunteers: a double-blind randomized trial",2015,"RvB",17,17,17,17,1,1,1,1,"PI",""
"WOS:000359177800006","10.1016/j.bandc.2015.05.006","Bereczkei, T; Papp, P; Kincses, P; Bodrogi, B; Perlaki, G; Orsi, G; Deak, A","The neural basis of the Machiavellians' decision making in fair and unfair situations",2015,"RvB",38,38,38,38,1,1,1,1,"PI",""
"WOS:000359649500003","10.1007/s00221-015-4322-9","Bonenberger, M; Plener, PL; Groschwitz, RC; Gron, G; Abler, B","Polymorphism in the A mu-opioid receptor gene (OPRM1) modulates neural processing of physical pain, social rejection and error processing",2015,"GM",31,31,31,31,1,1,1,1,"PI",""
"WOS:000360263400001","10.3389/fnhum.2015.00412","Guterstam, A; Bjornsdotter, M; Bergouignan, L; Gentile, G; Li, TQ; Ehrsson, HH","Decoding illusory self-location from activity in the human hippocampus",2015,"JvB",6,6,6,6,1,1,1,1,"PI",""
"WOS:000360592900028","10.1016/j.bbi.2014.10.006","Inagaki, TK; Muscatell, KA; Irwin, MR; Moieni, M; Dutcher, JM; Jevtic, I; Breen, EC; Eisenberger, NL","The role of the ventral striatum in inflammatory-induced approach toward support figures",2015,"RvB",52,63,63,63,0,0,1,0,"PI","Original coder seems to have coded number of subjects excluded instead of number of subjects remaining."
"WOS:000360949300005","10.1016/j.cortex.2015.03.007","Rauchbauer, B; Majdandzic, J; Hummer, A; Windischberger, C; Lamm, C","Distinct neural processes are engaged in the modulation of mimicry by social group-membership and emotional expressions",2015,"GM",41,41,41,41,1,1,1,1,"PI",""
"WOS:000360949300007","10.1016/j.cortex.2015.01.021","Lamm, C; Silani, G; Singer, T","Distinct neural networks underlying empathy for pleasant and unpleasant touch",2015,"RvB",32,32,32,32,1,1,1,1,"PI",""
"WOS:000361145000014","10.1016/j.neuron.2015.07.005","Maier, SU; Makwana, AB; Hare, TA","Acute Stress Impairs Self-Control in Goal-Directed Choice by Altering Multiple Functional Connections within the Brain's Decision Circuits",2015,"RvB",50,51,51,50,0,0,1,0,"PI","See comment by original resolver. This might also be a case where PI coded both the original and the PhD sample size."
"WOS:000361464000025","10.1093/cercor/bhu061","Lucas, MV; Anderson, LC; Bolling, DZ; Pelphrey, KA; Kaiser, MD","Dissociating the Neural Correlates of Experiencing and Imagining Affective Touch",2015,"TN",14,14,14,14,1,1,1,1,"PI",""
"WOS:000361851200003","10.1016/j.jneuroling.2015.05.001","Wei, M; Joshi, AA; Zhang, MX; Mei, LL; Manis, FR; He, QH; Beattie, RL; Xue, G; Shattuck, DW; Leahy, RM; Xue, F; Houston, SM; Chen, CS; Dong, Q; Lu, ZL","How age of acquisition influences brain architecture in bilinguals",2015,"RvB",36,36,36,36,1,1,1,1,"PI",""
"WOS:000362025000036","10.1016/j.neuroimage.2015.07.003","Gilam, G; Lin, T; Raz, G; Azrielant, S; Fruchter, E; Ariely, D; Hendler, T","Neural substrates underlying the tendency to accept anger-infused ultimatum offers during dynamic social interactions",2015,"RvB",60,60,60,60,1,1,1,1,"PI",""
"WOS:000362134200008","10.1016/j.neuropsychologia.2015.03.030","Basnakova, J; van Berkum, J; Weber, K; Hagoort, P","A job interview in the MRI scanner: How does indirectness affect addressees and overhearers?",2015,"TN",20,20,20,20,1,1,1,1,"PI",""
"WOS:000365541400005","10.1093/scan/nsv005","Wang, CB; Wu, B; Liu, Y; Wu, XH; Han, SH","Challenging emotional prejudice by changing self-concept: priming independent self-construal reduces racial in-group bias in neural responses to other's pain",2015,"EJ",30,30,30,30,1,1,1,1,"PI",""
"WOS:000365541400013","10.1093/scan/nsv013","Touroutoglou, A; Lindquist, KA; Dickerson, BC; Barrett, LF","Intrinsic connectivity in the human brain does not reveal networks for 'basic' emotions",2015,"TN",89,89,389,389,1,0,0,0,"PI","It seems original coder and coder BA only coded the sample size of sample 1, but the paper combines fMRI data from both sample 1 and 2."
"WOS:000365750400003","10.1162/jocn_a_00872","Cardin, V; Orfanidou, E; Kastner, L; Ronnberg, J; Woll, B; Capek, CM; Rudner, M","Monitoring Different Phonological Parameters of Sign Language Engages the Same Cortical Language Network but Distinctive Perceptual Ones",2016,"EJ",43,43,43,43,1,1,1,1,"PI",""
"WOS:000366463300019","10.1093/cercor/bhu146","Jack, A; Pelphrey, KA","Neural Correlates of Animacy Attribution Include Neocerebellum in Healthy Adults",2015,"EJ",34,34,34,34,1,1,1,1,"PI",""
"WOS:000366646700096","10.1016/j.neuroimage.2015.09.038","Sobczak-Edmans, M; Ng, THB; Chan, YC; Chew, E; Chuang, KH; Chen, SHA","Temporal dynamics of visual working memory",2016,"JvB",40,40,40,40,1,1,1,1,"PI",""
"WOS:000366801300001","10.3389/fnhum.2015.00664","Beldzik, E; Domagalik, A; Oginska, H; Marek, T; Fafrowicz, M","Brain Activations Related to Saccadic Response Conflict are not Sensitive to Time on Task",2015,"JvB",23,23,23,23,1,1,1,1,"PI",""
"WOS:000367481900026","10.1371/journal.pone.0144963","Chen, B; Xu, T; Zhou, CL; Wang, LY; Yang, N; Wang, Z; Dong, HM; Yang, Z; Zang, YF; Zuo, XN; Weng, XC","Individual Variability and Test-Retest Reliability Revealed by Ten Repeated Resting-State Brain Scans over One Month",2015,"TN",30,30,30,30,1,1,1,1,"PI",""
"WOS:000368979900001","10.3389/fnhum.2015.00718","Dominguez, JF; Taing, SA; Molenberghs, P","Why Do Some Find it Hard to Disagree? An fMRI Study",2016,"GM",39,39,39,39,1,1,1,1,"PI",""
"WOS:000369150500001","10.1002/hbm.22905","Stephanou, K; Davey, CG; Kerestes, R; Whittle, S; Pujol, J; Yucel, M; Fornito, A; Lopez-Sola, M; Harrison, BJ","Brain Functional Correlates of Emotion Regulation Across Adolescence and Young Adulthood",2016,"JvB",78,78,78,78,1,1,1,1,"PI",""
"WOS:000369415600001","10.3389/fnhum.2016.00028","Suzuki, A; Ito, Y; Kiyama, S; Kunimi, M; Ohira, H; Kawaguchi, J; Tanabe, HC; Nakai, T","Involvement of the Ventrolateral Prefrontal Cortex in Learning Others' Bad Reputations and Indelible Distrust",2016,"TN",28,28,28,28,1,1,1,1,"PI",""
"WOS:000370459400025","10.1016/j.neuropsychologia.2015.12.025","Mathur, VA; Cheon, BK; Harada, T; Scimeca, JM; Chiao, JY","Overlapping neural response to the pain or harm of people, animals, and nature",2016,"JvB",15,15,15,15,1,1,1,1,"PI",""
"WOS:000370547000003","10.1080/17470919.2015.1044672","Seara-Cardoso, A; Sebastian, CL; Viding, E; Roiser, JP","Affective resonance in response to others' emotional faces varies with affective ratings and psychopathic traits in amygdala and anterior insula",2016,"TN",30,30,30,30,1,1,1,1,"PI",""
"WOS:000370568600006","10.1037/a0040032","Reason, M; Jola, C; Kay, R; Reynolds, D; Kauppi, JP; Grobras, MH; Tohka, J; Pollick, FE","Spectators' Aesthetic Experience of Sound and Movement in Dance Performance: A Transdisciplinary Investigation",2016,"JvB",22,15,15,22,0,0,1,0,"PI","I suspect that the PhD (PI) added the original sample size after resolving a comment from JvB. Thus, in this case, PI failed to replicate their own coded sample size and number of unique raters does not equal 3. "
"WOS:000370623400003","10.1037/xge0000121","Yanagisawa, K; Abe, N; Kashima, ES; Nomura, M","Self-Esteem Modulates Amygdala-Ventrolateral Prefrontal Cortex Connectivity in Response to Mortality Threats",2016,"EH",60,60,60,60,1,1,1,1,"PI",""
"WOS:000370972500039","10.1093/cercor/bhv262","Orgs, G; Dovern, A; Hagura, N; Haggard, P; Fink, GR; Weiss, PH","Constructing Visual Perception of Body Movement with the Motor Cortex",2016,"EJ",24,24,24,24,1,1,1,1,"PI",""
"WOS:000371187600006","10.1016/j.ijpsycho.2015.09.007","Yang, TL; Lei, X; Anderson, M","Decreased inhibitory control of negative information in directed forgetting",2016,"EJ",21,21,21,21,1,1,1,1,"PI",""
"WOS:000371340800002","10.1037/npe0000050","Macoveanu, J; Ramsoy, TZ; Skov, M; Siebner, HR; Fosgaard, TR","The Neural Bases of Framing Effects in Social Dilemmas",2016,"JvB",14,14,14,14,1,1,1,1,"PI",""
"WOS:000371942800004","10.1016/j.neures.2015.07.010","Kawasaki, I; Ito, A; Fujii, T; Ueno, A; Yoshida, K; Sakai, S; Mugikura, S; Takahashi, S; Mori, E","Differential activation of the ventromedial prefrontal cortex between male and female givers of social reputation",2016,"EJ",28,28,28,28,1,1,1,1,"PI",""
"WOS:000372514000001","10.1038/srep23427","Yang, ZT; Zhen, ZL; Huang, LJ; Kong, XZ; Wang, X; Song, YY; Liu, J","Neural Univariate Activity and Multivariate Pattern in the Posterior Superior Temporal Sulcus Differentially Encode Facial Expression and Identity",2016,"GM",202,191,191,191,0,0,1,0,"PI","n=202 subjects tested, but only 191 were included in the analyses in the end."
"WOS:000373485000001","10.1080/17470919.2015.1059362","Dong, SY; Kim, BK; Lee, SY","Implicit agreeing/disagreeing intention while reading self-relevant sentences: A human fMRI study",2016,"JvB",19,19,19,19,1,1,1,1,"PI",""
"WOS:000373801400007","10.1007/s00429-014-0972-9","Lynn, MT; Demanet, J; Krebs, RM; Van Dessel, P; Brass, M","Voluntary inhibition of pain avoidance behavior: an fMRI study",2016,"GM",21,21,21,21,1,1,1,1,"PI",""
"WOS:000374227100001","10.1093/scan/nsv120","Cracco, E; Desmet, C; Brass, M","When your error becomes my error: anterior insula activation in response to observed errors is modulated by agency",2016,"GM",19,19,19,19,1,1,1,1,"PI",""
"WOS:000374227100013","10.1093/scan/nsv131","Chakroff, A; Dungan, J; Koster-Hale, J; Brown, A; Saxe, R; Young, L","When minds matter for moral judgment: intent information is neurally encoded for harmful but not impure acts",2016,"JvB",23,23,23,23,1,1,1,1,"PI",""
"WOS:000374543600007","10.1371/journal.pone.0152000","Emmerling, F; Schuhmann, T; Lobbestael, J; Arntz, A; Brugman, S; Sack, AT","The Role of the Insular Cortex in Retaliation",2016,"GM",15,15,15,15,1,1,1,1,"PI",""
"WOS:000375476800014","10.1080/17588928.2015.1053442","Bockler, A; Eskenazi, T; Sebanz, N; Rueschemeyer, SA","(How) observed eye-contact modulates gaze following. An fMRI study",2016,"JvB",21,21,21,21,1,1,1,1,"PI",""
"WOS:000376546400022","10.1016/j.neuropsychologia.2016.03.031","Habes, I; Rushton, S; Johnston, SJ; Sokunbi, MO; Barawi, K; Brosnan, M; Daly, T; Ihssen, N; Linden, DEJ","fMRI neurofeedback of higher visual areas and perceptual biases",2016,"EJ",17,17,9,9,1,0,0,0,"PI","8/17 participants (the IM group) was put in a mock scanner, and did not contribute fMRI data. This is confirmed by the relevant t-test degrees of freedom."
"WOS:000376655100009","10.1093/scan/nsw003","Davis, FC; Neta, M; Kim, MJ; Moran, JM; Whalen, PJ","Interpreting ambiguous social cues in unpredictable contexts",2016,"TN",22,22,22,22,1,1,1,1,"PI",""
"WOS:000378969800002","10.1016/j.physbeh.2016.03.007","Fearnbach, SN; English, LK; Lasschuijt, M; Wilson, SJ; Savage, JS; Fisher, JO; Rolls, BJ; Keller, KL","Brain response to images of food varying in energy density is associated with body composition in 7-to 10-year-old children: Results of an exploratory study",2016,"EJ",36,36,36,36,1,1,1,1,"PI",""
"WOS:000380847600008","10.1016/j.dcn.2016.06.003","Shing, YL; Brehmer, Y; Heekeren, HR; Backman, L; Lindenberger, U","Neural activation patterns of successful episodic encoding: Reorganization during childhood, maintenance in old age",2016,"EJ",18,89,89,89,0,0,1,0,"PI","Not sure where original coder got n=18 from. The paper explicitly states that 89 subjects were used for analyses, which is confirmed by the F test degrees of freedom."
"WOS:000381270200004","10.1037/npe0000054","Pinazo, D; Barros-Loscertales, A; Peris, R; Ventura-Campos, N; Avila, C","Neuroticism Predisposes to Donation More Than Agreeableness: An fMRI Study",2016,"JvB",18,18,18,18,1,1,1,1,"PI",""
"WOS:000381369500024","10.1371/journal.pone.0160214","Mayhugh, RE; Moussa, MN; Simpson, SL; Lyday, RG; Burdette, JH; Porrino, LJ; Laurienti, PJ","Moderate-Heavy Alcohol Consumption Lifestyle in Older Adults Is Associated with Altered Central Executive Network Community Structure during Cognitive Task",2016,"EJ",63,63,63,63,1,1,1,1,"PI",""
"WOS:000381399200048","10.1073/pnas.1519853113","Tong, LCP; Ye, KJ; Asai, K; Ertac, S; List, JA; Nusbaum, HC; Hortacsu, A","Trading experience modulates anterior insula to reduce the endowment effect",2016,"GM",30,30,30,30,1,1,1,1,"PI",""
"WOS:000381523000003","10.1162/jocn_a_00978","Zaki, J; Kallman, S; Wimmer, GE; Ochsner, K; Shohamy, D","Social Cognition as Reinforcement Learning: Feedback Modulates Emotion Inference",2016,"JvB",18,18,18,18,1,1,1,1,"PI",""
"WOS:000382214600006","10.1080/17470919.2015.1108931","Han, MF; Bi, CZ; Ybarra, O","Common and distinct neural mechanisms of the fundamental dimensions of social cognition",2016,"JvB",42,42,42,42,1,1,1,1,"PI",""
"WOS:000383306200004","10.1016/j.bbi.2016.03.022","Muscatell, KA; Moieni, M; Inagaki, TK; Dutcher, JM; Jevtic, I; Breen, EC; Irwin, MR; Eisenberger, NI","Exposure to an inflammatory challenge enhances neural sensitivity to negative and positive social feedback",2016,"TN",104,104,107,107,1,0,0,0,"PI","It seems like the original coder and BA coder have coded the number of subjects with all data available. However, the coding instructions state that all participants with fMRI data available should be coded, even if other types of data might be missing. "
"WOS:000383727000002","10.1093/scan/nsw036","Paschke, LM; Dorfel, D; Steimke, R; Trempler, I; Magrabi, A; Ludwig, VU; Schubert, T; Stelzel, C; Walter, H","Individual differences in self-reported self-control predict successful emotion regulation",2016,"TN",108,108,108,108,1,1,1,1,"PI",""
"WOS:000384006300015","10.1523/JNEUROSCI.4499-15.2016","Ginther, MR; Bonnie, RJ; Hoffman, MB; Shen, FX; Simons, KW; Jones, OD; Marois, R","Parsing the Behavioral and Brain Mechanisms of Third-Party Punishment",2016,"EJ",23,23,23,23,1,1,1,1,"PI",""
"WOS:000384790700013","10.1016/j.neuropsychologia.2016.06.023","Barnacle, GE; Montaldi, D; Talmi, D; Sommer, T","The list-composition effect in memory for emotional and neutral pictures: Differential contribution of ventral and dorsal attention networks to successful encoding",2016,"RvB",22,22,22,22,1,1,1,1,"PI",""
"WOS:000385892800001","10.3389/fnhum.2076.00578","Mitchell, RLC; Jazdzyk, A; Stets, M; Kotz, SA","Recruitment of Language-, Emotion- and Speech-Timing Associated Brain Regions for Expressing Emotional Prosody: Investigation of Functional Neuroanatomy with fMRI",2016,"JvB",27,27,27,27,1,1,1,1,"PI",""
"WOS:000387512000001","10.3389/fpsyg.2016.01716","Zhang, HJ; Mo, L","Mentalizing and Information Propagation through Social Network: Evidence from a Resting-State-fMRI Study",2016,"EJ",28,28,28,28,1,1,1,1,"PI",""
"WOS:000388365000006","10.1523/JNEUROSCI.4033-14.2016","Cukur, T; Huth, AG; Nishimoto, S; Gallant, JL","Functional Subdomains within Scene-Selective Cortex: Parahippocampal Place Area, Retrosplenial Complex, and Occipital Place Area",2016,"JvB",60,6,6,6,0,0,1,0,"PI","Original coder seem to have made a typo. "
"WOS:000390510700011","10.1016/j.cortex.2016.10.013","Pannese, A; Grandjean, D; Fruhholz, S","Amygdala and auditory cortex exhibit distinct sensitivity to relevant acoustic features of auditory emotions",2016,"TN",22,22,22,22,1,1,1,1,"PI",""
"WOS:000390982800020","10.1016/j.neuroimage.2016.08.046","Van Overwalle, F; Heleven, E; Ma, N; Marien, P","Tell me twice: A multi-study analysis of the functional connectivity between the cerebrum and cerebellum after repeated trait information",2017,"JvB",17,17,142,17,1,0,0,0,"PI","PhD coder mistakenly coded total sample size over all studies, not the sample size of study 2."
"WOS:000391563700001","10.1038/srep40180","Clemens, B; Wagels, L; Bauchmuller, M; Bergs, R; Habel, U; Kohn, N","Alerted default mode: functional connectivity changes in the aftermath of social stress",2017,"JvB",89,89,89,89,1,1,1,1,"PI",""
"WOS:000393136700001","10.1038/srep41374","Liu, ZY; Li, L; Zheng, L; Xu, M; Zhou, FA; Guo, XY","Attentional deployment impacts neural response to regret",2017,"TN",18,18,18,18,1,1,1,1,"PI",""
"WOS:000393723600011","10.1016/j.psyneuen.2016.10.021","Cohen, D; Perry, A; Gilam, G; Mayseless, N; Gonen, T; Hendler, T; Shamay-Tsoory, SG","The role of oxytocin in modulating interpersonal space: A pharmacological fMRI study",2017,"JvB",19,19,19,19,1,1,1,1,"PI",""
"WOS:000397312200010","10.1093/scan/nsw113","Vezich, IS; Katzman, PL; Ames, DL; Falk, EB; Lieberman, MD","Modulating the neural bases of persuasion: why/how, gain/loss, and users/non-users",2017,"EJ",36,37,37,37,0,0,1,0,"PI","1/37 subjects was excluded from one particular ROI analysis, but this is not sufficient to be considered excluded in general."
"WOS:000397403300001","10.1002/hipo.22688","Berens, SC; Bird, CM","The Role of the Hippocampus in Generalizing Configural Relationships",2017,"GM",15,15,15,15,1,1,1,1,"PI",""
"WOS:000397982600001","10.3389/fnhum.2017.00115","Yusa, N; Kim, J; Koizumi, M; Sugiura, M; Kawashima, R","Social Interaction Affects Neural Outcomes of Sign Language Learning As a Foreign Language in Adults",2017,"EH",46,46,46,46,1,1,1,1,"PI",""
"WOS:000402051400004","10.1037/emo0000258","Yu, HB; Cai, Q; Shen, B; Gao, XX; Zhou, XL","Neural Substrates and Social Consequences of Interpersonal Gratitude: Intention Matters",2017,"JvB",27,27,27,27,1,1,1,1,"PI",""
"WOS:000403676400023","10.1007/s11682-016-9561-2","Wagels, L; Bergs, R; Clemens, B; Bauchmuller, M; Gur, RC; Schneider, F; Habel, U; Kohn, N","Contextual exclusion processing: an fMRI study of rejection in a performance-related context",2017,"EJ",39,40,40,40,0,0,1,0,"PI","Not sure where original coder got n=39 from (perhaps t-test dfs). Dfs support n=40 and no subject was excluded due to head motion. "
"WOS:000404547000014","10.1093/scan/nsx004","Lopez, RB; Chen, PHA; Huckins, JF; Hofmann, W; Kelley, WM; Heatherton, TF","A balance of activity in brain control and reward systems predicts self-regulatory outcomes",2017,"TN",69,69,69,69,1,1,1,1,"PI",""
"WOS:000404548900004","10.1093/scan/nsw181","Reicherts, P; Wiemer, J; Gerdes, ABM; Schulz, SM; Pauli, P; Wieser, MJ","Anxious anticipation and pain: the influence of instructed vs conditioned threat on pain",2017,"RvB",45,45,45,45,1,1,1,1,"PI",""
"WOS:000404963900034","10.1002/hbm.23662","Yamawaki, R; Nakamura, K; Aso, T; Shigemune, Y; Fukuyama, H; Tsukiura, T","Remembering my friends: Medial prefrontal and hippocampal contributions to the self-reference effect on face memories in a social context",2017,"GM",19,19,19,19,1,1,1,1,"PI",""
"WOS:000405057600008","10.1016/j.intell.2017.06.001","Clark, CM; Lawlor-Savage, L; Goghari, VM","Comparing brain activations associated with working memory and fluid intelligence",2017,"JvB",63,63,63,63,1,1,1,1,"PI",""
"WOS:000405696600001","10.1093/scan/nsx037","Oosterwijk, S; Snoek, L; Rotteveel, M; Barrett, LF; Scholte, HS","Shared states: using MVPA to test neural overlap between self-focused emotion imagery and other-focused emotion understanding",2017,"EH",20,20,20,20,1,1,1,1,"PI",""
"WOS:000406296500004","10.1016/j.neurobiolaging.2017.05.005","Heinzel, S; Lorenz, RC; Duong, QL; Rapp, MA; Deserno, L","Prefrontal-parietal effective connectivity during working memory in older adults",2017,"RvB",50,50,50,50,1,1,1,1,"PI",""
"WOS:000406493300009","10.1162/jocn_a_01151","Thornton, MA; Mitchell, JP","Consistent Neural Activity Patterns Represent Personally Familiar People",2017,"EJ",23,23,23,23,1,1,1,1,"PI",""
"WOS:000409032200001","10.3389/fnbeh.2017.00155","Cacioppo, S; Juan, E; Monteleone, G","Predicting Intentions of a Familiar Significant Other Beyond the Mirror Neuron System",2017,"RvB",24,24,12,12,1,0,0,0,"PI","Only 12/24 participants underwent fMRI according to demographic table"
"WOS:000409381400033","10.1523/ENEURO.0337-16.2017","Buades-Rotger, M; Beyer, F; Kramer, UM","Avoidant Responses to Interpersonal Provocation Are Associated with Increased Amygdala and Decreased Mentalizing Network Activity",2017,"TN",36,36,36,36,1,1,1,1,"PI",""
"WOS:000410539800043","10.1016/j.neuroimage.2017.06.027","Vanderwal, T; Eilbott, J; Finn, ES; Craddock, RC; Turnbull, A; Castellanos, FX","Individual differences in functional connectivity during naturalistic viewing conditions",2017,"RvB",31,31,31,31,1,1,1,1,"PI",""
"WOS:000411168800011","10.1016/j.nlm.2017.07.004","Homan, P; Ely, BA; Yuan, M; Brosch, T; Ng, J; Trope, Y; Schiller, D","Aversive smell associations shape social judgment",2017,"TN",17,17,17,17,1,1,1,1,"PI",""
"WOS:000411571500008","10.3758/s13415-017-0529-5","Hou, X; Allen, TA; Wei, DT; Huang, H; Wang, KC; DeYoung, CG; Qiu, J","Trait compassion is associated with the neural substrate of empathy",2017,"RvB",275,275,275,275,1,1,1,1,"PI",""
"WOS:000413223700001","10.1186/s12868-017-0390-z","Repple, J; Pawliczek, CM; Voss, B; Siegel, S; Schneider, F; Kohn, N; Habel, U","From provocation to aggression: the neural network",2017,"RvB",29,29,29,29,1,1,1,1,"PI",""
"WOS:000414683400026","10.1002/hbm.23821","Tobia, MJ; Hayashi, K; Ballard, G; Gotlib, IH; Waugh, CE","Dynamic Functional Connectivity and Individual Differences in Emotions During Social Stress",2017,"TN",16,16,16,16,1,1,1,1,"PI",""
"WOS:000415969300004","10.1007/s11211-017-0295-0","Haas, IJ; Baker, MN; Gonzalez, FJ","Who Can Deviate from the Party Line? Political Ideology Moderates Evaluation of Incongruent Policy Positions in Insula and Anterior Cingulate Cortex",2017,"RvB",58,58,58,58,1,1,1,1,"PI",""
"WOS:000416436800009","10.1016/j.biopsycho.2017.07.023","Liddell, BJ; Felmingham, KL; Das, P; Whitford, TJ; Malhi, GS; Battaglini, E; Bryant, RA","Self-construal differences in neural responses to negative social cues",2017,"EH",35,35,41,35,1,0,0,0,"PI","n=42 initially reported. 1 participant excluded due to self-report data. 6 participants were excluded due to motion artifacts."
"WOS:000417002000005","10.1002/hbm.23692","Wang, J; Cherkassky, VL; Just, MA","Predicting the Brain Activation Pattern Associated With the Propositional Content of a Sentence: Modeling Neural Representations of Events and States",2017,"GM",7,7,7,7,1,1,1,1,"PI",""
"WOS:000417635900001","10.1016/j.neuroimage.2017.09.058","Kepinska, O; de Rover, M; Caspers, J; Schiller, NO","Connectivity of the hippocampus and Broca's area during acquisition of a novel grammar",2018,"EJ",40,40,40,40,1,1,1,1,"PI",""
"WOS:000418987100016","10.1016/j.cortex.2016.08.016","Fischmeister, FP; Martins, MJD; Beisteiner, R; Fitch, WT","Self-similarity and recursion as default modes in human cognition",2017,"EH",35,35,35,35,1,1,1,1,"PI",""
"WOS:000419578300002","10.1093/scan/nsx116","Liu, Y; Wu, B; Wang, XN; Li, WX; Zhang, T; Wu, XH; Han, SH","Oxytocin effects on self-referential processing: behavioral and neuroimaging evidence",2017,"EJ",52,52,52,52,1,1,1,1,"PI",""
"WOS:000419578600011","10.1093/scan/nsx119","Schobert, AK; Corradi-Dell'Acqua, C; Fruhholz, S; van der Zwaag, W; Vuilleumier, P","Functional organization of face processing in the human superior temporal sulcus: a 7T high-resolution fMRI study",2018,"EJ",16,16,16,16,1,1,1,1,"PI",""
"WOS:000419926100001","10.3389/fnhum.2017.00661","Shen, FT; Hu, Y; Fan, MX; Wang, HM; Wang, ZX","Racial Bias in Neural Response for Pain Is Modulated by Minimal Group",2018,"GM",29,29,29,29,1,1,1,1,"PI",""
"WOS:000422921800021","10.1016/j.dcn.2017.02.001","Lemmers-Jansen, ILJ; Krabbendam, L; Veltman, DJ; Fett, AKJ","Boys vs. girls: Gender differences in the neural development of trust and reciprocity depend on social context",2017,"EJ",43,43,43,43,1,1,1,1,"PI",""
"WOS:000423981700014","10.1093/cercor/bhw396","Domenech, P; Redoute, J; Koechlin, E; Dreher, JC","The Neuro-Computational Architecture of Value-Based Selection in the Human Brain",2018,"RvB",14,14,14,14,1,1,1,1,"PI",""
"WOS:000424804400027","10.1002/hbm.23930","Arioli, M; Perani, D; Cappa, S; Proverbio, AM; Zani, A; Falini, A; Canessa, N","Affective and cooperative social interactions modulate effective connectivity within and between the mirror and mentalizing systems",2018,"RvB",36,36,36,36,1,1,1,1,"PI",""
"WOS:000426190700001","10.3389/fnint.2018.00008","Santangelo, V","Large-Scale Brain Networks Supporting Divided Attention across Spatial Locations and Sensory Modalities",2018,"RvB",12,12,12,12,1,1,1,1,"PI",""
"WOS:000426430800009","10.14704/nq.2018.16.2.1092","Jung, YS; Kim, YT; Baeck, JS; Lee, J; Kim, JG; Chang, Y","The Neural Correlates of Celebrity Power on Product Favorableness: An fMRI Study",2018,"JvB",33,33,33,33,1,1,1,1,"PI",""
"WOS:000426620700013","10.1016/j.evolhumbehav.2018.01.004","Ohtsubo, Y; Matsunaga, M; Tanaka, H; Suzuki, K; Kobayashi, F; Shibata, E; Hori, R; Umemura, T; Ohira, H","Costly apologies communicate conciliatory intention: an fMRI study on forgiveness in response to costly apologies",2018,"EJ",37,37,37,37,1,1,1,1,"PI",""
"WOS:000427121700002","10.1038/s41467-018-03399-2","Richardson, H; Lisandrelli, G; Riobueno-Naylor, A; Saxe, R","Development of the social brain from age three to twelve years",2018,"TN",155,122,155,155,0,1,0,0,"PI","Coder BA seems to have coded only the non-adult segment of the total sample."
"WOS:000427411700001","10.3389/fnins.2018.00149","Sung, YW; Kawachi, Y; Choi, US; Kang, D; Abe, C; Otomo, Y; Ogawa, S","A Set of Functional Brain Networks for the Comprehensive Evaluation of Human Characteristics",2018,"TN",153,153,153,153,1,1,1,1,"PI",""
"WOS:000427643700003","10.1016/j.neuroimage.2017.12.076","Kruse, O; Leon, IT; Stalder, T; Stark, R; Klucken, T","Altered reward learning and hippocampal connectivity following psychosocial stress",2018,"EJ",56,56,56,56,1,1,1,1,"PI",""
"WOS:000429278800001","10.3389/fnbeh.2018.00060","Jacob, Y; Gilam, G; Lin, T; Raz, G; Hendler, T","Anger Modulates Influence Hierarchies Within and Between Emotional Reactivity and Regulation Networks",2018,"TN",74,74,74,74,1,1,1,1,"PI",""
"WOS:000429357800001","10.3389/fnbeh.2018.00066","Wallmark, Z; Deblieck, C; Iacoboni, M","Neurophysiological Effects of Trait Empathy in Music Listening",2018,"GM",20,20,20,20,1,1,1,1,"PI",""
"WOS:000431104900012","10.1038/s41598-018-24617-3","Ruissen, MI; Overgaauw, S; de Bruijn, ERA","Being right, but losing money: the role of striatum in joint decision making",2018,"JvB",19,19,19,19,1,1,1,1,"PI",""
"WOS:000432871200001","10.3389/fnhum.2018.00210","Lin, JB; Cui, X; Dai, XY; Mo, L","Regional Homogeneity Predicts Creative Insight: A Resting-State fMRI Study",2018,"GM",50,50,50,50,1,1,1,1,"PI",""
"WOS:000434384900066","10.1371/journal.pone.0198663","Spaans, JP; Burke, SM; Altikulac, S; Braams, BR; Op de Macks, ZA; Crone, EA","Win for your kin: Neural responses to personal and vicarious rewards when mothers win for their adolescent children",2018,"GM",20,20,20,20,1,1,1,1,"PI",""
"WOS:000434747600007","10.1016/j.psyneuen.2018.04.005","Radke, S; Seidel, EM; Boubela, RN; Thaler, H; Metzler, H; Kryspin-Exner, I; Moser, E; Habel, U; Derntl, B","Immediate and delayed neuroendocrine responses to social exclusion in males and females",2018,"TN",80,80,80,80,1,1,1,1,"PI",""
"WOS:000438325700010","10.1016/j.ijresmar.2017.12.004","De Vries, ELE; Fennis, BM; Bijmolt, THA; Ter Horst, GJ; Marsman, JBC","Friends with benefits: Behavioral and fMRI studies on the effect of friendship reminders on self-control for compulsive and non-compulsive buyers",2018,"JvB",40,40,40,40,1,1,1,1,"PI",""
"WOS:000439686700030","10.1038/s41598-018-29670-6","Hausler, AN; Kuhnen, CM; Rudorf, S; Weber, B","Preferences and beliefs about financial risk taking mediate the association between anterior insula activation and self-reported reallife stock trading",2018,"GM",165,157,165,165,0,1,0,0,"PI","n=157 for the main analyses. However, fMRI data exist for 165 subjects."
"WOS:000440353100003","10.3389/fnins.2018.00516","Zhang, PW; Qu, XJ; Qian, SF; Wang, XB; Wang, RD; Li, QY; Liu, SY; Chen, LH; Liu, DQ","Distinction Between Variability-Based Modulation and Mean-Based Activation Revealed by BOLD-fMRI and Eyes-Open/Eyes-Closed Contrast",2018,"JvB",36,34,34,34,0,0,1,0,"PI","n=36 participated, but from paper: two participants were excluded due to excessive head motion"
"WOS:000440377300001","10.3389/fnhum.2018.00302","Vaughn, DA; Savjani, RR; Cohen, MS; Eagleman, DM","Empathic Neural Responses Predict Group Allegiance",2018,"JvB",14,14,14,14,1,1,1,1,"PI",""
"WOS:000440966600003","10.1093/cercor/bhx148","Lin, N; Wang, XY; Xu, YW; Wang, XS; Hua, HM; Zhao, Y; Li, XS","Fine Subdivisions of the Semantic Network Supporting Social and Sensory-Motor Semantic Processing",2018,"EJ",19,19,19,19,1,1,1,1,"PI",""
"WOS:000441276600010","10.1002/hbm.24197","Di Plinio, S; Ferri, F; Marzetti, L; Romani, GL; Northoff, G; Pizzella, V","Functional connections between activated and deactivated brain regions mediate emotional interference during externally directed cognition",2018,"EJ",17,17,17,17,1,1,1,1,"PI",""
"WOS:000441662800005","10.1371/journal.pone.0201237","Butler, EE; Ward, R; Downing, PE; Ramsey, R","fMRI repetition suppression reveals no sensitivity to trait judgments from faces in face perception or theory-of-mind networks",2018,"JvB",28,28,28,28,1,1,1,1,"PI",""
"WOS:000442467700002","10.3758/s13415-018-0608-2","Wiese, E; Buzzell, GA; Abubshait, A; Beatty, PJ","Seeing minds in others: Mind perception modulates low-level social-cognitive performance and relates to ventromedial prefrontal structures",2018,"JvB",22,22,22,22,1,1,1,1,"PI",""
"WOS:000444321800001","10.3389/fnbeh.2018.00209","Guan, F; Xiang, YH; Chen, OT; Wang, WX; Chen, J","Neural Basis of Dispositional Awe",2018,"EJ",42,42,42,42,1,1,1,1,"PI",""
"WOS:000446054000002","10.1080/17470919.2018.1459313","Dien, J; Karuzis, V; Haarmann, HJ","Probing culture in the head: the neural correlates of relational models",2018,"GM",39,39,39,39,1,1,1,1,"PI",""
"WOS:000449432200023","10.1093/cercor/bhy208","Krishnan, S; Lima, CF; Evans, S; Chen, S; Guldner, S; Yeff, H; Manly, T; Scott, SK","Beatboxers and Guitarists Engage Sensorimotor Regions Selectively When Listening to the Instruments They can Play",2018,"EJ",59,60,60,60,0,0,1,0,"PI","n=60. 1 participant was excluded from a frequency discrimination task, but was still included in the fMRI data."
"WOS:000450543800051","10.1016/j.neuropsychologia.2018.09.011","Mineroff, Z; Blank, IA; Mahowald, K; Fedorenko, E","A robust dissociation among the language, multiple demand, and default mode networks: Evidence from inter-region correlations in effect size",2018,"EJ",60,60,60,60,1,1,1,1,"PI",""
"WOS:000451061700020","10.1007/s00429-018-1747-5","Takeuchi, H; Taki, Y; Nouchi, R; Yokoyama, R; Kotozaki, Y; Nakagawa, S; Sekiguchi, A; Iizuka, K; Hanawa, S; Araki, T; Miyauchi, CM; Sakaki, K; Sassa, Y; Nozawa, T; Ikeda, S; Yokota, S; Daniele, M; Kawashima, R","General intelligence is associated with working memory-related brain activity: new evidence from a large sample study",2018,"EJ",1235,1235,1235,1235,1,1,1,1,"PI",""
"WOS:000451282200003","10.1167/18.11.3","Seymour, KJ; Stein, T; Clifford, CWG; Sterzer, P","Cortical suppression in human primary visual cortex predicts individual differences in illusory tilt perception",2018,"EJ",9,10,10,10,0,0,1,0,"PI","Degrees of freedom confirm that n=10. It seems the original coder may have been confused by the verbal description of the jackknife analysis."
"WOS:000456663300005","10.1093/scan/nsy071","van Hoorn, J; McCormick, EM; Rogers, CR; Ivory, SL; Telzer, EH","Differential effects of parent and peer presence on neural correlates of risk taking in adolescence",2018,"TN",56,56,56,56,1,1,1,1,"PI",""
